<?xml version="1.0" encoding="UTF-8"?>
<ksdk:examples xmlns:ksdk="http://nxp.com/ksdk/2.0/ksdk_manifest_v3.0.xsd" xmlns:xsi="http://www.w3.org/2001/XMLSchema-instance" xsi:schemaLocation="http://nxp.com/ksdk/2.0/ksdk_manifest_v3.0.xsd manifest.xsd">
  <externalDefinitions>
    <definition extID="com.nxp.mcuxpresso"/>
    <definition extID="platform.devices.MK60D10_CMSIS.MK60D10"/>
    <definition extID="platform.devices.MK60D10_startup.MK60D10"/>
    <definition extID="platform.drivers.clock.MK60D10"/>
    <definition extID="platform.drivers.common.MK60D10"/>
    <definition extID="platform.drivers.crc.MK60D10"/>
    <definition extID="platform.drivers.flash.MK60D10"/>
    <definition extID="platform.drivers.gpio.MK60D10"/>
    <definition extID="platform.drivers.port.MK60D10"/>
    <definition extID="platform.drivers.smc.MK60D10"/>
    <definition extID="platform.drivers.uart.MK60D10"/>
    <definition extID="platform.utilities.debug_console.MK60D10"/>
    <definition extID="iar"/>
    <definition extID="mdk"/>
    <definition extID="armgcc"/>
    <definition extID="kds"/>
    <definition extID="mcuxpresso"/>
    <definition extID="drt"/>
  </externalDefinitions>
  <example id="twrk60d100m_driver_examples_crc" name="crc" category="driver_examples" dependency="platform.drivers.uart.MK60D10 platform.drivers.port.MK60D10 platform.drivers.crc.MK60D10 platform.drivers.common.MK60D10 platform.utilities.debug_console.MK60D10 platform.devices.MK60D10_CMSIS.MK60D10 platform.drivers.gpio.MK60D10 platform.drivers.smc.MK60D10 platform.drivers.flash.MK60D10 platform.drivers.clock.MK60D10 platform.devices.MK60D10_startup.MK60D10" toolchain="iar mdk armgcc kds mcuxpresso drt">
    <projects>
      <project type="com.crt.advproject.projecttype.exe" nature="org.eclipse.cdt.core.cnature"/>
    </projects>
    <toolchainSettings>
      <!-- Curently, mcux just supports one common settings set for both debug and release -->
      <toolchainSetting id_refs="com.nxp.mcuxpresso">
        <!-- asm compiler -->
        <option id="com.crt.advproject.gas.fpu" type="enum">
          <value>com.crt.advproject.gas.fpu.none</value>
        </option>
        <option id="gnu.both.asm.option.warnings.nowarn" type="boolean">
          <value>false</value>
        </option>
        <!-- gcc compiler -->
        <option id="com.crt.advproject.gcc.fpu" type="string">
          <value>com.crt.advproject.gcc.fpu.none</value>
        </option>
        <option id="com.crt.advproject.c.misc.dialect" type="enum">
          <value>com.crt.advproject.misc.dialect.gnu99</value>
        </option>
        <option id="com.crt.advproject.gcc.exe.debug.option.debugging.level" type="enum">
          <value>gnu.c.debugging.level.default</value>
        </option>
        <option id="com.crt.advproject.gcc.exe.release.option.debugging.level" type="enum">
          <value>gnu.c.debugging.level.default</value>
        </option>
        <option id="gnu.c.compiler.option.warnings.nowarn" type="boolean">
          <value>false</value>
        </option>
        <option id="gnu.c.compiler.option.warnings.allwarn" type="boolean">
          <value>true</value>
        </option>
        <option id="gnu.c.compiler.option.warnings.extrawarn" type="boolean">
          <value>false</value>
        </option>
        <option id="gnu.c.compiler.option.warnings.wconversion" type="boolean">
          <value>false</value>
        </option>
        <option id="gnu.c.compiler.option.warnings.toerrors" type="boolean">
          <value>false</value>
        </option>
        <option id="gnu.c.compiler.option.preprocessor.def.symbols" type="stringList">
          <value>DEBUG</value>
          <value>CPU_MK60DN512VMD10</value>
          <value>TWR_K60D100M</value>
          <value>TOWER</value>
        </option>
        <option id="gnu.c.compiler.option.optimization.flags" type="string">
          <value>-fno-common</value>
        </option>
        <option id="gnu.c.compiler.option.misc.other" type="enum">
          <value>-c  -ffunction-sections  -fdata-sections  -ffreestanding  -fno-builtin</value>
        </option>
        <option id="gnu.c.compiler.option.preprocessor.nostdinc" type="boolean">
          <value>false</value>
        </option>
        <!-- gcc linker -->
        <option id="com.crt.advproject.link.fpu" type="enum">
          <value>com.crt.advproject.link.fpu.none</value>
        </option>
        <option id="gnu.c.link.option.nostart" type="boolean">
          <value>false</value>
        </option>
        <option id="gnu.c.link.option.nodeflibs" type="boolean">
          <value>false</value>
        </option>
        <option id="gnu.c.link.option.nostdlibs" type="boolean">
          <value>true</value>
        </option>
        <option id="gnu.c.link.option.strip" type="boolean">
          <value>false</value>
        </option>
        <option id="gnu.c.link.option.noshared" type="boolean">
          <value>false</value>
        </option>
        <option id="gnu.c.link.option.other" type="stringList">
          <value>--gc-sections</value>
        </option>
      </toolchainSetting>
    </toolchainSettings>
    <source path="boards/twrk60d100m/driver_examples/crc" target_path="board" type="c_include">
      <files mask="board.h"/>
      <files mask="clock_config.h"/>
      <files mask="pin_mux.h"/>
    </source>
    <source path="boards/twrk60d100m/driver_examples/crc" target_path="board" type="src">
      <files mask="board.c"/>
      <files mask="clock_config.c"/>
      <files mask="pin_mux.c"/>
    </source>
    <source path="boards/twrk60d100m/driver_examples/crc" target_path="doc" type="doc">
      <files mask="readme.txt"/>
    </source>
    <source path="boards/twrk60d100m/driver_examples/crc" target_path="source" type="src">
      <files mask="crc.c"/>
    </source>
  </example>
</ksdk:examples>
